{
  "checkpoint": "/root/crygen/crygen_demo_new/pipeline_run_local_test/finetune_outputs/checkpoints/last.ckpt",
  "metrics": {
    "baseline": {
      "loss_val": 1.7851814031600952,
      "pos_val": 13.242502212524414,
      "cell_val": 0.01303322333842516,
      "atomic_numbers_val": 0.4478980004787445
    },
    "finetuned": {
      "loss_val": 1.2682815790176392,
      "pos_val": 9.611581802368164,
      "cell_val": 0.027335431426763535,
      "atomic_numbers_val": 0.2797880172729492
    },
    "delta": {
      "loss_val": -0.516899824142456,
      "pos_val": -3.63092041015625,
      "cell_val": 0.014302208088338375,
      "atomic_numbers_val": -0.1681099832057953
    }
  },
  "generation_dir": "/root/crygen/crygen_demo_new/pipeline_run_local_test/generation/results",
  "generation_eval": {
    "error": "evaluation failed: [Errno 2] No such file or directory: '/root/crygen/mattergen/mattergen/evaluation/reference/../../../data-release/alex-mp/reference_MP2020correction.gz'"
  }
}